topic_words3,Fraktsioonitud,Isamaa,difference
otsevalimise presidenti presidendi,0.0187667560321715,0.1122448979591836,-498.1049562682238
efsf esm kreekale,0.0080428954423592,0.0510204081632653,-534.3537414966025
alkoholi kange lahja,0.0107238605898123,0.0510204081632653,-375.7653061224504
ametiuhingute tooandjate keskliit,0.002680965147453,0.0306122448979591,-1041.8367346939099
pohiseadusega riigikohus oiguskantsler,0.002680965147453,0.0306122448979591,-1041.8367346939099
kasvavad tuleval kasv,0.002680965147453,0.0204081632653061,-661.2244897959412
pagulasi pagulased pagulaste,0.0107238605898123,0.0306122448979591,-185.4591836734695
slovakkia ungari portugal,0.0053619302949061,0.0204081632653061,-280.6122448979635
tooandja tervisesse maksuvabalt,0.0080428954423592,0.0204081632653061,-153.74149659864077
volakirjade keskpank volakirju,0.002680965147453,0.010204081632653,-280.6122448979687
kantsler kantsleri riigisekretar,0.002680965147453,0.010204081632653,-280.6122448979687
erimargistatud kutust kutuse,0.002680965147453,0.010204081632653,-280.6122448979687
jarviku jarvik maaeluministri,0.002680965147453,0.010204081632653,-280.6122448979687
moisteid moiste moisted,0.002680965147453,0.010204081632653,-280.6122448979687
kinnisasja maad maa,0.002680965147453,0.010204081632653,-280.6122448979687
inimarengu aruanne aruandes,0.002680965147453,0.010204081632653,-280.6122448979687
arengufond arengufondi arengufondis,0.0107238605898123,0.0204081632653061,-90.30612244897996
miili baasvorgu lairiba,0.0107238605898123,0.0204081632653061,-90.30612244897996
koolis kooli opilased,0.0187667560321715,0.0306122448979591,-63.119533527697044
kohtunike kohtususteem kohtuniku,0.0053619302949061,0.010204081632653,-90.30612244898079
valispoliitika valispoliitikas diplomaatia,0.0053619302949061,0.010204081632653,-90.30612244898079
valimisliitude volikogusse volikokku,0.0053619302949061,0.010204081632653,-90.30612244898079
palgatousu opetajate palgatous,0.0053619302949061,0.010204081632653,-90.30612244898079
kaitseliit kaitseliidule kaitseliidu,0.0053619302949061,0.010204081632653,-90.30612244898079
opositsioonis koalitsiooni opositsiooni,0.0053619302949061,0.010204081632653,-90.30612244898079
jahimehed jahimeeste jahti,0.0053619302949061,0.010204081632653,-90.30612244898079
pensionifondide pensionifondid fondid,0.0053619302949061,0.010204081632653,-90.30612244898079
loomi loomade loomad,0.0080428954423592,0.010204081632653,-26.870748299319754
riigipalgaliste riigisektoris koondada,0.0080428954423592,0.010204081632653,-26.870748299319754
lapsetoetust lapsetoetus lapsetoetuse,0.0080428954423592,0.010204081632653,-26.870748299319754
vallaga vald sauga,0.0080428954423592,0.010204081632653,-26.870748299319754
valimisea valimisiga valimisoiguse,0.0107238605898123,0.010204081632653,4.846938775510487
pollumeestele pollumehi pollumehed,0.0107238605898123,0.010204081632653,4.846938775510487
teadus teaduse arendustegevuse,0.0107238605898123,0.010204081632653,4.846938775510487
tootuna arvele ariuhingu,0.0107238605898123,0.010204081632653,4.846938775510487
soita jalakaija konniteel,0.0107238605898123,0.010204081632653,4.846938775510487
eelarves riigieelarves reservist,0.0134048257372654,0.010204081632653,23.877551020408536
riigikontrolli auditi auditit,0.0134048257372654,0.010204081632653,23.877551020408536
sigade katku katk,0.0375335120643431,0.0306122448979591,18.440233236151684
taanis saksamaal hollandis,0.0160857908847185,0.010204081632653,36.56462585034052
tulumaksuvaba maksususteemi tulumaksu,0.0160857908847185,0.010204081632653,36.56462585034052
huvigruppe huvigruppide kaasatud,0.0187667560321715,0.010204081632653,45.626822157434496
eriarstide eriarstiabi eriarsti,0.0187667560321715,0.010204081632653,45.626822157434496
palgalohe soolist meeste,0.0214477211796246,0.010204081632653,52.42346938775524
toovoimereformi toovoimega toovoimereform,0.0214477211796246,0.010204081632653,52.42346938775524
teenuseid teenused teenust,0.0294906166219839,0.010204081632653,65.39888682745844
krimmi agressiooni ukraina,0.0241286863270777,0.0,100.0
untso missioonide liikmesusest,0.0160857908847185,0.0,100.0
suuria euroopasse turgis,0.0160857908847185,0.0,100.0
prokuratuur prokuratuuri prokuror,0.0134048257372654,0.0,100.0
direktiivi direktiiv ulevotmise,0.0134048257372654,0.0,100.0
joustumine joustuma joustada,0.0134048257372654,0.0,100.0
vabatahtlike komandode paasteameti,0.0134048257372654,0.0,100.0
terviseandmed isikuandmeid terviseandmeid,0.0134048257372654,0.0,100.0
elektri elektrit taastuvenergia,0.0134048257372654,0.0,100.0
riigiloivude riigiloivud riigiloivu,0.0107238605898123,0.0,100.0
salvestisi salvestised salvestiste,0.0107238605898123,0.0,100.0
annetused annetusi annetuste,0.0107238605898123,0.0,100.0
missiooni missioonile missioon,0.0107238605898123,0.0,100.0
metsa metsade mets,0.0107238605898123,0.0,100.0
aasia aasias saatkonna,0.0107238605898123,0.0,100.0
estonian air airi,0.0080428954423592,0.0,100.0
hiv narkomaania epideemia,0.0080428954423592,0.0,100.0
apteeke apteegid apteekide,0.0080428954423592,0.0,100.0
tulubaasi omavalitsustele omavalitsuste,0.0080428954423592,0.0,100.0
liiklussurmade liikluses hukkunute,0.0080428954423592,0.0,100.0
leping ratifitseerida lepinguga,0.0080428954423592,0.0,100.0
korterid kortereid korterit,0.0080428954423592,0.0,100.0
valijate erakonda valijaid,0.0080428954423592,0.0,100.0
ulejaagis struktuurses struktuurse,0.0053619302949061,0.0,100.0
vaesuses suhtelises vaesuse,0.0053619302949061,0.0,100.0
eelarvele kulude riigieelarvele,0.0053619302949061,0.0,100.0
planeeringu keskkonnamoju keskkonnamojude,0.0053619302949061,0.0,100.0
toonadalal istungid taiendaval,0.0053619302949061,0.0,100.0
piirikontrolli schengeni valispiiri,0.0053619302949061,0.0,100.0
korrata stenogrammist vabandan,0.0053619302949061,0.0,100.0
korruptsiooni korruptsioon korruptsiooniga,0.0053619302949061,0.0,100.0
korteriuhistu korteriomanike korteriuhistute,0.0053619302949061,0.0,100.0
kulukuse krediidi kiirlaenude,0.0053619302949061,0.0,100.0
lng terminali gaasi,0.0053619302949061,0.0,100.0
maavalitsuste maavalitsused maakonna,0.0053619302949061,0.0,100.0
noukogudesse ariuhingute noukogudes,0.0053619302949061,0.0,100.0
ooteala piiriuletuse piiripunkti,0.0053619302949061,0.0,100.0
koolilouna koolitoidu koolitoit,0.0053619302949061,0.0,100.0
abielu kooselu samasooliste,0.0053619302949061,0.0,100.0
arengukavad arengukavade pohialuste,0.0053619302949061,0.0,100.0
hadaolukorda eriolukord eriolukorra,0.0053619302949061,0.0,100.0
inflatsiooni inflatsioon hinnatous,0.0053619302949061,0.0,100.0
kaasne lisakulutusi riigieelarvele,0.0053619302949061,0.0,100.0
kodualuse maamaksu maamaksust,0.0053619302949061,0.0,100.0
virumaale virumaa toostusalade,0.0053619302949061,0.0,100.0
skais arendused infosusteemide,0.0053619302949061,0.0,100.0
rahvaalgatuse rahvaalgatus rahvahaaletus,0.0053619302949061,0.0,100.0
psuhhiaatri alaealine psuhhiaatrilist,0.0053619302949061,0.0,100.0
abipolitseinik abipolitseiniku abipolitseinike,0.002680965147453,0.0,100.0
energiaagentuur agentuuri agentuur,0.002680965147453,0.0,100.0
teede teehoiuks teedele,0.002680965147453,0.0,100.0
ajakirjandus ajakirjanduse ajakirjandust,0.002680965147453,0.0,100.0
ammendumiseni kaheni pikendada,0.002680965147453,0.0,100.0
borsile ipo enefit,0.002680965147453,0.0,100.0
kohtutaiturite kohtutaitur kohtutaituri,0.002680965147453,0.0,100.0
konkurss konkursi konkurssi,0.002680965147453,0.0,100.0
elatisraha elatisabi elatise,0.002680965147453,0.0,100.0
memorandumi moistmise memorandum,0.002680965147453,0.0,100.0
volitust kaasuses jarvik,0.002680965147453,0.0,100.0
piirivalve valvamise valvamine,0.002680965147453,0.0,100.0
koolituse koolitus koolitusele,0.002680965147453,0.0,100.0
kusimusena tahtsa tahtsusega,0.002680965147453,0.0,100.0
liitlaste ohutorje keskmaa,0.002680965147453,0.0,100.0
lipu laevu kaubalaeva,0.002680965147453,0.0,100.0
majandusaasta koondaruanne raamatupidamise,0.002680965147453,0.0,100.0
muraste kase kompleksi,0.002680965147453,0.0,100.0
muundatud geneetiliselt gmo,0.002680965147453,0.0,100.0
opositsiooni koalitsioonil opositsioonil,0.002680965147453,0.0,100.0
oppelaenu sugava puudega,0.002680965147453,0.0,100.0
pensioni pension sammas,0.002680965147453,0.0,100.0
pensioniiga pensioniea eluiga,0.002680965147453,0.0,100.0
veb fondi uurimiskomisjon,0.002680965147453,0.0,100.0
piima toorpiima toodangut,0.002680965147453,0.0,100.0
talupidajate kaubanduskoja kaubanduskoda,0.002680965147453,0.0,100.0
vagivalla naistevastase perevagivalla,0.002680965147453,0.0,100.0
vagivallale vihakone ohutamine,0.002680965147453,0.0,100.0
rahvahaaletuse rahvahaaletus rahvahaaletusel,0.002680965147453,0.0,100.0
rail trassi balticu,0.002680965147453,0.0,100.0
puude raskusastme puuet,0.002680965147453,0.0,100.0
vanemahuvitist vanemahuvitise vanemahuvitis,0.002680965147453,0.0,100.0
ulikooliga kbfi instituudi,0.002680965147453,0.0,100.0
riigikontrolor karis riigikontrolori,0.002680965147453,0.0,100.0
relva relvade relvaluba,0.002680965147453,0.0,100.0
tooandja tooandjal tootaja,0.002680965147453,0.0,100.0
tervist tervis tervisega,0.002680965147453,0.0,100.0
riigiabi komisjonilt loa,0.002680965147453,0.0,100.0
tapsustatakse ajakohastatakse nouete,0.002680965147453,0.0,100.0
teekasutustasu autode autod,0.002680965147453,0.0,100.0
post posti omniva,0.002680965147453,0.0,100.0
sularaha kommertspangad pangad,0.002680965147453,0.0,100.0
kohtla jarve johvi,0.002680965147453,0.0,100.0
haiguspaevade haiguspaevi haiguspaeva,0.002680965147453,0.0,100.0
id mobiil kaardi,0.002680965147453,0.0,100.0
jalitustegevuse jalitustoimingu sideandmete,0.002680965147453,0.0,100.0
kala kalurid kalurite,0.002680965147453,0.0,100.0
katteallikas katteallikaid katteallikat,0.002680965147453,0.0,100.0
kauguhendus avaksite ettekandjalt,0.002680965147453,0.0,100.0
normitehnika mojude eeskiri,0.002680965147453,0.0,100.0
riigireformi riigireformist riigireform,0.002680965147453,0.0,100.0
oiglase virumaale ulemineku,0.0,0.0,
oigusriik oigusriigi oigusriigist,0.0,0.0,
objekti anu raua,0.0,0.0,
omandireformi tagastatud omandireform,0.0,0.0,
ootuse oigusparase oiguskindluse,0.0,0.0,
muugimaksu muugimaks paadimaksu,0.0,0.0,
nord stream streami,0.0,0.0,
muuseum muuseumi muuseumide,0.0,0.0,
korterelamute kortermajade kredexi,0.0,0.0,
maantee neljarealiseks ppp,0.0,0.0,
louis freeh kremli,0.0,0.0,
lipud lippude lipp,0.0,0.0,
lasteaia lasteaias lasteaiakoha,0.0,0.0,
lahususe voimude lahusus,0.0,0.0,
laari laar kandidatuuri,0.0,0.0,
kusija vastaja vastasin,0.0,0.0,
poolte kokkuleppel huvitise,0.0,0.0,
koneleja konsensuslikud repliigi,0.0,0.0,
kolledz kolledzi turi,0.0,0.0,
kohanimenoukogu vonnu mulgi,0.0,0.0,
operatsioonil sojalisel panustamisel,0.0,0.0,
uuring uuringut uuringu,0.0,0.0,
president ilves presidendi,0.0,0.0,
reklaami reklaam alkoholireklaam,0.0,0.0,
kirik kiriku maarja,0.0,0.0,
teatri teater rahvusooper,0.0,0.0,
teenistuse teenistuses avalikus,0.0,0.0,
tootuid tootute tootu,0.0,0.0,
treenerite spordi sport,0.0,0.0,
ts parvlaeva parvlaevad,0.0,0.0,
tulubaasi tasandusfondi tulumaksuosa,0.0,0.0,
uhistranspordi uhistransport uhistransporti,0.0,0.0,
utah jordaania energia,0.0,0.0,
tarbijakaitse amet ametile,0.0,0.0,
valdkonnad laekumisest fikseeritakse,0.0,0.0,
valimiskomisjon proteste valimiskasti,0.0,0.0,
valismaale valjarande valjaranne,0.0,0.0,
varude varud varu,0.0,0.0,
samba sammas sambasse,0.0,0.0,
salastatud valisteabe riigisaladuse,0.0,0.0,
rongi rongide rongid,0.0,0.0,
riigipuha puhade tahtpaevade,0.0,0.0,
riigimetsa majandamise noukokku,0.0,0.0,
kodakondsust kodakondsuse kodanikuks,0.0,0.0,
tootuli lepitaja ametiuhingute,0.0,0.010204081632653,-inf
kinnitamise paevakorra paevakord,0.0,0.0,
keskkonnaameti uhendamine uhendamise,0.0,0.0,
deklaratsiooni deklaratsioone deklaratsioonis,0.0,0.0,
danske filiaali rahapesu,0.0,0.0,
annetus erjk annetuse,0.0,0.0,
aituma infotundi jahimehed,0.0,0.0,
aardla pria pealtnagija,0.0,0.0,
lae korgepalgaliste lagi,0.0,0.010204081632653,-inf
pensionitous pensionitousu pension,0.0,0.010204081632653,-inf
maksuamet tolliamet tolliameti,0.0,0.010204081632653,-inf
pealinnast tallinnast viljandisse,0.0,0.010204081632653,-inf
eripensioni valjateenitud staazi,0.0,0.0204081632653061,-inf
uliopilased uliopilastele uliopilaste,0.0,0.010204081632653,-inf
tsernoboli represseeritud oigusvastaselt,0.0,0.010204081632653,-inf
jaatmeid liigiti prugi,0.0,0.010204081632653,-inf
magustatud suhkrut joogi,0.0,0.0204081632653061,-inf
kaibemaksu kaibemaks kaibemaksumaara,0.0,0.010204081632653,-inf
oigusloome oigusloomes oiguspoliitika,0.0,0.0204081632653061,-inf
piirilepingu piirileping piirilepingut,0.0,0.0204081632653061,-inf
rahvuse rahvust rahvusriik,0.0,0.010204081632653,-inf
kutsehariduse kutseharidus kutsehariduses,0.0,0.010204081632653,-inf
domeenide domeeni interneti,0.0,0.0,
elamisluba elamisloa viisa,0.0,0.0,
erso teatri kontserdi,0.0,0.0,
huvihariduse huvitegevuse huviharidus,0.0,0.0,
keeleoskust oskuse keeleoskuse,0.0,0.0,
karistuse karistus tingimisi,0.0,0.0,
kandideerima ametikohale kandidaatide,0.0,0.0,
kandidaati kandidaat valituks,0.0,0.0,
kandidaadi kandidaati kandidaat,0.0,0.0,
kaitsekulud kaitsekulutused kaitsekulude,0.0,0.0,
iive sundimus iibe,0.0,0.0,
idapiiri piiririba valjaehitamine,0.0,0.0,
hoone rkas hoonet,0.0,0.0,
etv saateid pbk,0.0,0.0,
hooldekodus hoolduse hooldekodu,0.0,0.0,
hoiu pangad pankade,0.0,0.0,
hansson ardo panga,0.0,0.0,
hanke hankija riigihangete,0.0,0.0,
hambaravi hammaste hambad,0.0,0.0,
haalte kandidaatidele haaletamisest,0.0,0.0,
haale valimispaeval valimiste,0.0,0.0,
fie fuusilisest isikust,0.0,0.0,
vee monopolide veeteenuse,0.0,0.0,
